{"-9": {"1": 0.007175, "2": 0.008276, "3": 0.005052, "4": 0.005861, "5": 0.003325, "6": 0.003882, "7": 0.001997, "8": 0.002348, "9": 0.001052, "10": 0.001248, "11": 0.000454, "12": 0.000544, "13": 0.000138, "14": 0.000168, "15": 1.9e-05, "16": 2.5e-05, "17": 0.0, "18": 0.0, "19": 0.0}, "-8": {"1": 0.013437, "2": 0.015434, "3": 0.009909, "4": 0.011448, "5": 0.006887, "6": 0.008006, "7": 0.004415, "8": 0.005168, "9": 0.00252, "10": 0.002973, "11": 0.0012, "12": 0.001428, "13": 0.000413, "14": 0.000496, "15": 6.4e-05, "16": 7.8e-05, "17": 0.0, "18": 0.0, "19": 0.0}, "-7": {"1": 0.024298, "2": 0.027781, "3": 0.018747, "4": 0.021561, "5": 0.013749, "6": 0.015916, "7": 0.009417, "8": 0.010982, "9": 0.005857, "10": 0.006889, "11": 0.003151, "12": 0.003745, "13": 0.001329, "14": 0.001601, "15": 0.000337, "16": 0.000415, "17": 0.0, "18": 0.0, "19": 0.0}, "-6": {"1": 0.042293, "2": 0.048106, "3": 0.034044, "4": 0.038951, "5": 0.026237, "6": 0.030213, "7": 0.019063, "8": 0.022108, "9": 0.012738, "10": 0.01489, "11": 0.007494, "12": 0.008839, "13": 0.003549, "14": 0.00423, "15": 0.001057, "16": 0.001275, "17": 0.0, "18": 0.0, "19": 0.0}, "-5": {"1": 0.070821, "2": 0.080104, "3": 0.059387, "4": 0.067574, "5": 0.048035, "6": 0.055019, "7": 0.036996, "8": 0.042688, "9": 0.026574, "10": 0.030918, "11": 0.017157, "12": 0.020153, "13": 0.009217, "14": 0.010947, "15": 0.003298, "16": 0.00397, "17": 0.0, "18": 0.0, "19": 0.0}, "-4": {"1": 0.113784, "2": 0.127887, "3": 0.099195, "4": 0.112168, "5": 0.084053, "6": 0.095693, "7": 0.068556, "8": 0.078655, "9": 0.053036, "10": 0.061401, "11": 0.038011, "12": 0.044499, "13": 0.024229, "14": 0.028792, "15": 0.01267, "16": 0.015413, "17": 0.004397, "18": 0.0056, "19": 0.0}, "-3": {"1": 0.174767, "2": 0.194997, "3": 0.1578, "4": 0.177112, "5": 0.139311, "6": 0.157388, "7": 0.119234, "8": 0.135683, "9": 0.097609, "10": 0.111961, "11": 0.074692, "12": 0.086417, "13": 0.051153, "14": 0.059723, "15": 0.02844, "16": 0.033493, "17": 0.009476, "18": 0.0112, "19": 0.0}, "-2": {"1": 0.256544, "2": 0.283968, "3": 0.239494, "4": 0.26669, "5": 0.220141, "6": 0.246815, "7": 0.198071, "8": 0.223813, "9": 0.172852, "10": 0.1971, "11": 0.144101, "12": 0.166101, "13": 0.111632, "14": 0.130391, "15": 0.075723, "16": 0.089966, "17": 0.037572, "18": 0.0457, "19": 0.0}, "-1": {"1": 0.358062, "2": 0.392628, "3": 0.343956, "4": 0.379306, "5": 0.327157, "6": 0.363118, "7": 0.306763, "8": 0.342996, "9": 0.281503, "10": 0.317399, "11": 0.24961, "12": 0.284129, "13": 0.208683, "14": 0.240114, "15": 0.155641, "16": 0.181267, "17": 0.086991, "18": 0.1027, "19": 0.0}, "0": {"1": 0.474787, "2": 0.51519, "3": 0.467436, "4": 0.509923, "5": 0.458264, "6": 0.503038, "7": 0.446255, "8": 0.493449, "9": 0.429624, "10": 0.479159, "11": 0.405155, "12": 0.456445, "13": 0.366938, "14": 0.418256, "15": 0.303907, "16": 0.351071, "17": 0.195051, "18": 0.2287, "19": 0.0}, "1": {"1": 0.597175, "2": 0.64043, "3": 0.599908, "4": 0.646478, "5": 0.604096, "6": 0.654942, "7": 0.610663, "8": 0.667265, "9": 0.621267, "10": 0.685998, "11": 0.638933, "12": 0.715751, "13": 0.669289, "14": 0.76502, "15": 0.722953, "16": 0.849713, "17": 0.820182, "18": 1.0, "19": 1.0}, "2": {"1": 0.708297, "2": 0.748987, "3": 0.717549, "4": 0.760866, "5": 0.729107, "6": 0.775546, "7": 0.743785, "8": 0.793959, "9": 0.762733, "10": 0.817374, "11": 0.787568, "12": 0.847484, "13": 0.82052, "14": 0.886429, "15": 0.864535, "16": 0.936618, "17": 0.923191, "18": 1.0, "19": 1.0}, "3": {"1": 0.800204, "2": 0.834764, "3": 0.812296, "4": 0.848229, "5": 0.826429, "6": 0.863764, "7": 0.843012, "8": 0.881685, "9": 0.862488, "10": 0.902244, "11": 0.885261, "12": 0.925484, "13": 0.91153, "14": 0.950939, "15": 0.940936, "16": 0.977039, "17": 0.971852, "18": 1.0, "19": 1.0}, "4": {"1": 0.870073, "2": 0.896952, "3": 0.881987, "4": 0.909076, "5": 0.89518, "6": 0.922254, "7": 0.909712, "8": 0.936412, "9": 0.925549, "10": 0.951319, "11": 0.942481, "12": 0.966475, "13": 0.959981, "14": 0.980934, "15": 0.976975, "16": 0.993036, "17": 0.991474, "18": 1.0, "19": 1.0}, "5": {"1": 0.919472, "2": 0.938848, "3": 0.92945, "4": 0.948285, "5": 0.939933, "6": 0.957949, "7": 0.950784, "8": 0.967619, "9": 0.961765, "10": 0.976961, "11": 0.9725, "12": 0.985498, "13": 0.982439, "14": 0.992614, "15": 0.990855, "16": 0.99762, "17": 0.996915, "18": 1.0, "19": 1.0}, "6": {"1": 0.952364, "2": 0.965448, "3": 0.959893, "4": 0.972129, "5": 0.967436, "6": 0.978615, "7": 0.974833, "8": 0.984717, "9": 0.981868, "10": 0.990199, "11": 0.988266, "12": 0.994783, "13": 0.993688, "14": 0.998157, "15": 0.997742, "16": 1.0, "17": 1.0, "18": 1.0, "19": 1.0}, "7": {"1": 0.97299, "2": 0.981307, "3": 0.97818, "4": 0.985635, "5": 0.983124, "6": 0.989599, "7": 0.987694, "8": 0.993077, "9": 0.991743, "10": 0.995943, "11": 0.995115, "12": 0.998082, "13": 0.997666, "14": 0.999427, "15": 0.999292, "16": 1.0, "17": 1.0, "18": 1.0, "19": 1.0}, "8": {"1": 0.985291, "2": 0.990301, "3": 0.988622, "4": 0.992917, "5": 0.991638, "6": 0.995177, "7": 0.994265, "8": 0.997025, "9": 0.996434, "10": 0.99842, "11": 0.998089, "12": 0.99935, "13": 0.999204, "14": 0.999845, "15": 0.999806, "16": 1.0, "17": 1.0, "18": 1.0, "19": 1.0}, "9": {"1": 0.992291, "2": 0.995164, "3": 0.994301, "4": 0.996652, "5": 0.99603, "6": 0.997863, "7": 0.997448, "8": 0.998785, "9": 0.998538, "10": 0.999422, "11": 0.999298, "12": 0.999799, "13": 0.999753, "14": 0.999966, "15": 0.999957, "16": 1.0, "17": 1.0, "18": 1.0, "19": 1.0}}