{"-9": {"1": 0.007175, "2": 0.004353, "3": 0.005052, "4": 0.002847, "5": 0.003325, "6": 0.001698, "7": 0.001997, "8": 0.000887, "9": 0.001052, "10": 0.000378, "11": 0.000454, "12": 0.000113, "13": 0.000138, "14": 1.5e-05, "15": 1.9e-05, "16": 0.0, "17": 0.0, "18": 0.0, "19": 0.0}, "-8": {"1": 0.013437, "2": 0.008574, "3": 0.009909, "4": 0.005921, "5": 0.006887, "6": 0.003769, "7": 0.004415, "8": 0.002135, "9": 0.00252, "10": 0.001008, "11": 0.0012, "12": 0.000343, "13": 0.000413, "14": 5.3e-05, "15": 6.4e-05, "16": 0.0, "17": 0.0, "18": 0.0, "19": 0.0}, "-7": {"1": 0.024298, "2": 0.016291, "3": 0.018747, "4": 0.011871, "5": 0.013749, "6": 0.008072, "7": 0.009417, "8": 0.004978, "9": 0.005857, "10": 0.002651, "11": 0.003151, "12": 0.001102, "13": 0.001329, "14": 0.000273, "15": 0.000337, "16": 0.0, "17": 0.0, "18": 0.0, "19": 0.0}, "-6": {"1": 0.042293, "2": 0.029735, "3": 0.034044, "4": 0.02277, "5": 0.026237, "6": 0.016427, "7": 0.019063, "8": 0.01089, "9": 0.012738, "10": 0.00635, "11": 0.007494, "12": 0.002976, "13": 0.003549, "14": 0.000875, "15": 0.001057, "16": 0.0, "17": 0.0, "18": 0.0, "19": 0.0}, "-5": {"1": 0.070821, "2": 0.052152, "3": 0.059387, "4": 0.041908, "5": 0.048035, "6": 0.032042, "7": 0.036996, "8": 0.022827, "9": 0.026574, "10": 0.0146, "11": 0.017157, "12": 0.007758, "13": 0.009217, "14": 0.00274, "15": 0.003298, "16": 0.0, "17": 0.0, "18": 0.0, "19": 0.0}, "-4": {"1": 0.113784, "2": 0.087644, "3": 0.099195, "4": 0.073769, "5": 0.084053, "6": 0.059712, "7": 0.068556, "8": 0.045785, "9": 0.053036, "10": 0.032458, "11": 0.038011, "12": 0.020389, "13": 0.024229, "14": 0.01042, "15": 0.01267, "16": 0.003452, "17": 0.004397, "18": 0.0, "19": 0.0}, "-3": {"1": 0.174767, "2": 0.140435, "3": 0.1578, "4": 0.123177, "5": 0.139311, "6": 0.104669, "7": 0.119234, "8": 0.085007, "9": 0.097609, "10": 0.064484, "11": 0.074692, "12": 0.043749, "13": 0.051153, "14": 0.024094, "15": 0.02844, "16": 0.007975, "17": 0.009476, "18": 0.0, "19": 0.0}, "-2": {"1": 0.256544, "2": 0.21479, "3": 0.239494, "4": 0.196112, "5": 0.220141, "6": 0.175102, "7": 0.198071, "8": 0.151452, "9": 0.172852, "10": 0.124936, "11": 0.144101, "12": 0.095545, "13": 0.111632, "14": 0.063746, "15": 0.075723, "16": 0.03091, "17": 0.037572, "18": 0.0, "19": 0.0}, "-1": {"1": 0.358062, "2": 0.311372, "3": 0.343956, "4": 0.294274, "5": 0.327157, "6": 0.273925, "7": 0.306763, "8": 0.249288, "9": 0.281503, "10": 0.21896, "11": 0.24961, "12": 0.181094, "13": 0.208683, "14": 0.133419, "15": 0.155641, "16": 0.073537, "17": 0.086991, "18": 0.0, "19": 0.0}, "0": {"1": 0.474787, "2": 0.427598, "3": 0.467436, "4": 0.416629, "5": 0.458264, "6": 0.402797, "7": 0.446255, "8": 0.384523, "9": 0.429624, "10": 0.359057, "11": 0.405155, "12": 0.321477, "13": 0.366938, "14": 0.26278, "15": 0.303907, "16": 0.166193, "17": 0.195051, "18": 0.0, "19": 0.0}, "1": {"1": 0.597175, "2": 0.555268, "3": 0.599908, "4": 0.55581, "5": 0.604096, "6": 0.557587, "7": 0.610663, "8": 0.561598, "9": 0.621267, "10": 0.56972, "11": 0.638933, "12": 0.585511, "13": 0.669289, "14": 0.6158, "15": 0.722953, "16": 0.673774, "17": 0.820182, "18": 0.7851, "19": 1.0}, "2": {"1": 0.708297, "2": 0.674275, "3": 0.717549, "4": 0.68272, "5": 0.729107, "6": 0.693629, "7": 0.743785, "8": 0.707968, "9": 0.762733, "10": 0.727144, "11": 0.787568, "12": 0.753191, "13": 0.82052, "14": 0.789002, "15": 0.864535, "16": 0.838563, "17": 0.923191, "18": 0.907, "19": 1.0}, "3": {"1": 0.800204, "2": 0.774722, "3": 0.812296, "4": 0.787066, "5": 0.826429, "6": 0.80175, "7": 0.843012, "8": 0.819307, "9": 0.862488, "10": 0.840338, "11": 0.885261, "12": 0.865442, "13": 0.91153, "14": 0.895032, "15": 0.940936, "16": 0.928926, "17": 0.971852, "18": 0.9655, "19": 1.0}, "4": {"1": 0.870073, "2": 0.852268, "3": 0.881987, "4": 0.865, "5": 0.89518, "6": 0.879289, "7": 0.909712, "8": 0.895254, "9": 0.925549, "10": 0.912918, "11": 0.942481, "12": 0.93211, "13": 0.959981, "14": 0.95229, "15": 0.976975, "16": 0.972245, "17": 0.991474, "18": 0.9896, "19": 1.0}, "5": {"1": 0.919472, "2": 0.907747, "3": 0.92945, "4": 0.918681, "5": 0.939933, "6": 0.930289, "7": 0.950784, "8": 0.942438, "9": 0.961765, "10": 0.954876, "11": 0.9725, "12": 0.967185, "13": 0.982439, "14": 0.978736, "15": 0.990855, "16": 0.98867, "17": 0.996915, "18": 0.996, "19": 1.0}, "6": {"1": 0.952364, "2": 0.945076, "3": 0.959893, "4": 0.95348, "5": 0.967436, "6": 0.961979, "7": 0.974833, "8": 0.970401, "9": 0.981868, "10": 0.978502, "11": 0.988266, "12": 0.985959, "13": 0.993688, "14": 0.992367, "15": 0.997742, "16": 0.997236, "17": 1.0, "18": 1.0, "19": 1.0}, "7": {"1": 0.97299, "2": 0.968678, "3": 0.97818, "4": 0.974547, "5": 0.983124, "6": 0.980186, "7": 0.987694, "8": 0.985447, "9": 0.991743, "10": 0.990156, "11": 0.995115, "12": 0.994122, "13": 0.997666, "14": 0.99716, "15": 0.999292, "16": 0.999127, "17": 1.0, "18": 1.0, "19": 1.0}, "8": {"1": 0.985291, "2": 0.982855, "3": 0.988622, "4": 0.98666, "5": 0.991638, "6": 0.990134, "7": 0.994265, "8": 0.993185, "9": 0.996434, "10": 0.995728, "11": 0.998089, "12": 0.997688, "13": 0.999204, "14": 0.999026, "15": 0.999806, "16": 0.999758, "17": 1.0, "18": 1.0, "19": 1.0}, "9": {"1": 0.992291, "2": 0.990972, "3": 0.994301, "4": 0.993288, "5": 0.99603, "6": 0.995295, "7": 0.997448, "8": 0.996955, "9": 0.998538, "10": 0.998241, "11": 0.999298, "12": 0.999148, "13": 0.999753, "14": 0.999696, "15": 0.999957, "16": 0.999946, "17": 1.0, "18": 1.0, "19": 1.0}}