{"-9": {
    "1" : 0.008199,
    "2" : 0.005085,
    "3" : 0.005917,
    "4" : 0.003425,
    "5" : 0.004013,
    "6" : 0.002119,
    "7" : 0.002501,
    "8" : 0.001160,
    "9" : 0.001381,
    "10": 0.000526,
    "11": 0.000634,
    "12": 0.000171,
    "13": 0.000210,
    "14": 0.000026,
    "15": 0.000034,
    "16": 0.000000,
    "17": 0.000000,
    "18": 0.000000,
    "19": 0.000000
    },
 "-8": {
    "1" : 0.014863,
    "2" : 0.009663,
    "3" : 0.011196,
    "4" : 0.006847,
    "5" : 0.007985,
    "6" : 0.004503,
    "7" : 0.005290,
    "8" : 0.002662,
    "9" : 0.003154,
    "10": 0.001337,
    "11": 0.001600,
    "12": 0.000506,
    "13": 0.000614,
    "14": 0.000103,
    "15": 0.000127,
    "16": 0.000000,
    "17": 0.000000,
    "18": 0.000000,
    "19": 0.000000
    },
 "-7": {
    "1" : 0.026082,
    "2" : 0.017750,
    "3" : 0.020473,
    "4" : 0.013205,
    "5" : 0.015330,
    "6" : 0.009211,
    "7" : 0.010772,
    "8" : 0.005866,
    "9" : 0.006919,
    "10": 0.003256,
    "11": 0.003880,
    "12": 0.001433,
    "13": 0.001730,
    "14": 0.000387,
    "15": 0.000476,
    "16": 0.000000,
    "17": 0.000000,
    "18": 0.000000,
    "19": 0.000000
    },
 "-6": {
    "1" : 0.044230,
    "2" : 0.031462,
    "3" : 0.036105,
    "4" : 0.024504,
    "5" : 0.028304,
    "6" : 0.018053,
    "7" : 0.021004,
    "8" : 0.012290,
    "9" : 0.014416,
    "10": 0.007419,
    "11": 0.008783,
    "12": 0.003645,
    "13": 0.004363,
    "14": 0.001148,
    "15": 0.001393,
    "16": 0.000000,
    "17": 0.000000,
    "18": 0.000000,
    "19": 0.000000
    },
 "-5": {
    "1" : 0.072414,
    "2" : 0.053786,
    "3" : 0.061391,
    "4" : 0.043801,
    "5" : 0.050327,
    "6" : 0.034049,
    "7" : 0.039415,
    "8" : 0.024770,
    "9" : 0.028918,
    "10": 0.016275,
    "11": 0.019187,
    "12": 0.008956,
    "13": 0.010680,
    "14": 0.003312,
    "15": 0.004004,
    "16": 0.000000,
    "17": 0.000000,
    "18": 0.000000,
    "19": 0.000000
    },
 "-4": {
    "1" : 0.114198,
    "2" : 0.088487,
    "3" : 0.100391,
    "4" : 0.075257,
    "5" : 0.085969,
    "6" : 0.061741,
    "7" : 0.071088,
    "8" : 0.048199,
    "9" : 0.056020,
    "10": 0.035031,
    "11": 0.041203,
    "12": 0.022817,
    "13": 0.027283,
    "14": 0.012331,
    "15": 0.015140,
    "16": 0.004477,
    "17": 0.005795,
    "18": 0.000000,
    "19": 0.000000
    },
 "-3": {
    "1" : 0.172799,
    "2" : 0.139327,
    "3" : 0.156934,
    "4" : 0.123132,
    "5" : 0.139605,
    "6" : 0.105715,
    "7" : 0.120740,
    "8" : 0.087151,
    "9" : 0.100360,
    "10": 0.067671,
    "11": 0.078657,
    "12": 0.047786,
    "13": 0.056134,
    "14": 0.028468,
    "15": 0.033848,
    "16": 0.011488,
    "17": 0.013847,
    "18": 0.000000,
    "19": 0.000000
    },
 "-2": {
    "1" : 0.250700,
    "2" : 0.209963,
    "3" : 0.234656,
    "4" : 0.192318,
    "5" : 0.216339,
    "6" : 0.172362,
    "7" : 0.195320,
    "8" : 0.149766,
    "9" : 0.171138,
    "10": 0.124258,
    "11": 0.143365,
    "12": 0.095752,
    "13": 0.111738,
    "14": 0.064575,
    "15": 0.076409,
    "16": 0.031842,
    "17": 0.038364,
    "18": 0.000000,
    "19": 0.000000
    },
 "-1": {
    "1" : 0.347912,
    "2" : 0.302040,
    "3" : 0.334603,
    "4" : 0.285777,
    "5" : 0.318607,
    "6" : 0.266270,
    "7" : 0.299006,
    "8" : 0.242468,
    "9" : 0.274507,
    "10": 0.212955,
    "11": 0.243319,
    "12": 0.175889,
    "13": 0.203045,
    "14": 0.129091,
    "15": 0.150727,
    "16": 0.070540,
    "17": 0.083392,
    "18": 0.000000,
    "19": 0.000000
    },
 "0": {
    "1" : 0.461075,
    "2" : 0.414239,
    "3" : 0.454445,
    "4" : 0.404021,
    "5" : 0.446080,
    "6" : 0.391045,
    "7" : 0.435019,
    "8" : 0.373808,
    "9" : 0.419575,
    "10": 0.349680,
    "11": 0.396675,
    "12": 0.313901,
    "13": 0.360575,
    "14": 0.257614,
    "15": 0.300275,
    "16": 0.163932,
    "17": 0.194298,
    "18": 0.000000,
    "19": 0.000000
    },
 "1": {
    "1" : 0.581188,
    "2" : 0.538946,
    "3" : 0.584487,
    "4" : 0.539948,
    "5" : 0.589219,
    "6" : 0.542110,
    "7" : 0.596282,
    "8" : 0.546378,
    "9" : 0.607301,
    "10": 0.554558,
    "11": 0.625289,
    "12": 0.570161,
    "13": 0.655970,
    "14": 0.600121,
    "15": 0.710444,
    "16": 0.658284,
    "17": 0.810570,
    "18": 0.772600,
    "19": 1.000000
    },
 "2": {
    "1" : 0.692353,
    "2" : 0.657666,
    "3" : 0.702566,
    "4" : 0.667064,
    "5" : 0.715281,
    "6" : 0.679147,
    "7" : 0.731395,
    "8" : 0.694984,
    "9" : 0.752172,
    "10": 0.716126,
    "11": 0.779356,
    "12": 0.744770,
    "13": 0.815257,
    "14": 0.783918,
    "15": 0.862655,
    "16": 0.837343,
    "17": 0.924147,
    "18": 0.908900,
    "19": 1.000000
    },
 "3": {
    "1" : 0.785365,
    "2" : 0.758952,
    "3" : 0.798493,
    "4" : 0.772339,
    "5" : 0.813795,
    "6" : 0.788222,
    "7" : 0.831703,
    "8" : 0.807165,
    "9" : 0.852679,
    "10": 0.829797,
    "11": 0.877132,
    "12": 0.856730,
    "13": 0.905242,
    "14": 0.888355,
    "15": 0.936604,
    "16": 0.924420,
    "17": 0.969557,
    "18": 0.963200,
    "19": 1.000000
    },
 "4": {
    "1" : 0.857242,
    "2" : 0.838377,
    "3" : 0.870198,
    "4" : 0.852155,
    "5" : 0.884498,
    "6" : 0.867558,
    "7" : 0.900187,
    "8" : 0.884690,
    "9" : 0.917212,
    "10": 0.903550,
    "11": 0.935339,
    "12": 0.923939,
    "13": 0.954033,
    "14": 0.945312,
    "15": 0.972293,
    "16": 0.966571,
    "17": 0.988454,
    "18": 0.985800,
    "19": 1.000000
    },
 "5": {
    "1" : 0.909229,
    "2" : 0.896519,
    "3" : 0.920293,
    "4" : 0.908578,
    "5" : 0.931922,
    "6" : 0.921385,
    "7" : 0.943977,
    "8" : 0.934807,
    "9" : 0.956217,
    "10": 0.948592,
    "11": 0.968258,
    "12": 0.962320,
    "13": 0.979532,
    "14": 0.975347,
    "15": 0.989254,
    "16": 0.986761,
    "17": 0.996436,
    "18": 0.995400,
    "19": 1.000000
    },
 "6": {
    "1" : 0.944651,
    "2" : 0.936551,
    "3" : 0.953200,
    "4" : 0.946036,
    "5" : 0.961787,
    "6" : 0.955655,
    "7" : 0.970243,
    "8" : 0.965223,
    "9" : 0.978336,
    "10": 0.974484,
    "11": 0.985767,
    "12": 0.983092,
    "13": 0.992158,
    "14": 0.990600,
    "15": 0.997053,
    "16": 0.996441,
    "17": 0.999900,
    "18": 0.999900,
    "19": 1.000000
    },
 "7": {
    "1" : 0.967436,
    "2" : 0.962518,
    "3" : 0.973506,
    "4" : 0.969338,
    "5" : 0.979320,
    "6" : 0.975927,
    "7" : 0.984733,
    "8" : 0.982118,
    "9" : 0.989579,
    "10": 0.987715,
    "11": 0.993674,
    "12": 0.992496,
    "13": 0.996836,
    "14": 0.996229,
    "15": 0.998922,
    "16": 0.998721,
    "17": 0.999900,
    "18": 0.999900,
    "19": 1.000000
    },
 "8": {
    "1" : 0.981382,
    "2" : 0.978524,
    "3" : 0.985413,
    "4" : 0.983095,
    "5" : 0.989094,
    "6" : 0.987301,
    "7" : 0.992337,
    "8" : 0.991037,
    "9" : 0.995056,
    "10": 0.994195,
    "11": 0.997180,
    "12": 0.996684,
    "13": 0.998668,
    "14": 0.998442,
    "15": 0.999538,
    "16": 0.999475,
    "17": 0.999900,
    "18": 0.999900,
    "19": 1.000000
    },
 "9": {
    "1" : 0.989542,
    "2" : 0.987948,
    "3" : 0.992082,
    "4" : 0.990846,
    "5" : 0.994295,
    "6" : 0.993388,
    "7" : 0.996144,
    "8" : 0.995526,
    "9" : 0.997603,
    "10": 0.997225,
    "11": 0.998667,
    "12": 0.998469,
    "13": 0.999356,
    "14": 0.999278,
    "15": 0.999733,
    "16": 0.999715,
    "17": 0.999900,
    "18": 0.999900,
    "19": 1.000000
}}