{"-9": {
    "1":  0.008199, 
    "2":  0.009480, 
    "3":  0.005917, 
    "4":  0.006883, 
    "5":  0.004013, 
    "6":  0.004698, 
    "7":  0.002501, 
    "8":  0.002950, 
    "9":  0.001381, 
    "10": 0.001645, 
    "11": 0.000634, 
    "12": 0.000764, 
    "13": 0.000210, 
    "14": 0.000259, 
    "15": 0.000034,
    "16": 0.000043,
    "17": 0.000000,
    "18": 0.000000,
    "19": 0.000000
    }, 
"-8": {
    "1":  0.014863,
    "2":  0.017110,
    "3":  0.011196,
    "4":  0.012965,
    "5":  0.007985,
    "6":  0.009308,
    "7":  0.005290,
    "8":  0.006211,
    "9":  0.003154,
    "10": 0.003735,
    "11": 0.001600,
    "12": 0.001914,
    "13": 0.000614,
    "14": 0.000743,
    "15": 0.000127,
    "16": 0.000157,
    "17": 0.000000,
    "18": 0.000000,
    "19": 0.000000
    }, 
"-7": {
    "1":  0.026082,
    "2":  0.029884,
    "3":  0.020473,
    "4":  0.023598,
    "5":  0.015330,
    "6":  0.017787,
    "7":  0.010772,
    "8":  0.012592,
    "9":  0.006919,
    "10": 0.008157,
    "11": 0.003880,
    "12": 0.004621,
    "13": 0.001730,
    "14": 0.002088,
    "15": 0.000476,
    "16": 0.000585,
    "17": 0.000000,
    "18": 0.000000,
    "19": 0.000000
    }, 
"-6": {
    "1":  0.044230,
    "2":  0.050418,
    "3":  0.036105,
    "4":  0.041402,
    "5":  0.028304,
    "6":  0.032670,
    "7":  0.021004,
    "8":  0.024422,
    "9":  0.014416,
    "10": 0.016900,
    "11": 0.008783,
    "12": 0.010392,
    "13": 0.004363,
    "14": 0.005218,
    "15": 0.001393,
    "16": 0.001687,
    "17": 0.000000,
    "18": 0.000000,
    "19": 0.000000
    }, 
"-5": {
    "1":  0.072414,
    "2":  0.082085,
    "3":  0.061391,
    "4":  0.070012,
    "5":  0.050327,
    "6":  0.057782,
    "7":  0.039415,
    "8":  0.045597,
    "9":  0.028918,
    "10": 0.033742,
    "11": 0.019187,
    "12": 0.022609,
    "13": 0.010680,
    "14": 0.012731,
    "15": 0.004004,
    "16": 0.004839,
    "17": 0.000000,
    "18": 0.000000,
    "19": 0.000000
    }, 
"-4": {
    "1":  0.114198,
    "2":  0.128643,
    "3":  0.100391,
    "4":  0.113786,
    "5":  0.085969,
    "6":  0.098119,
    "7":  0.071088,
    "8":  0.081788,
    "9":  0.056020,
    "10": 0.065074,
    "11": 0.041203,
    "12": 0.048448,
    "13": 0.027283,
    "14": 0.032629,
    "15": 0.015140,
    "16": 0.018605,
    "17": 0.005795,
    "18": 0.007500,
    "19": 0.000000
    }, 
"-3": {
    "1":  0.172799,
    "2":  0.193249,
    "3":  0.156934,
    "4":  0.176550,
    "5":  0.139605,
    "6":  0.158093,
    "7":  0.120740,
    "8":  0.137737,
    "9":  0.100360,
    "10": 0.115431,
    "11": 0.078657,
    "12": 0.091300,
    "13": 0.056134,
    "14": 0.065822,
    "15": 0.033848,
    "16": 0.040130,
    "17": 0.013847,
    "18": 0.016600,
    "19": 0.000000
    }, 
"-2": {
    "1":  0.250700,
    "2":  0.278154,
    "3":  0.234656,
    "4":  0.261879,
    "5":  0.216339,
    "6":  0.243028,
    "7":  0.195320,
    "8":  0.221050,
    "9":  0.171138,
    "10": 0.195328,
    "11": 0.143365,
    "12": 0.165233,
    "13": 0.111738,
    "14": 0.130271,
    "15": 0.076409,
    "16": 0.090345,
    "17": 0.038364,
    "18": 0.046200,
    "19": 0.000000
    }, 
"-1": {
    "1":  0.347912,
    "2":  0.382584,
    "3":  0.334603,
    "4":  0.370039,
    "5":  0.318607,
    "6":  0.354619,
    "7":  0.299006,
    "8":  0.335234,
    "9":  0.274507,
    "10": 0.310310,
    "11": 0.243319,
    "12": 0.277609,
    "13": 0.203045,
    "14": 0.234056,
    "15": 0.150727,
    "16": 0.175717,
    "17": 0.083392,
    "18": 0.098400,
    "19": 0.000000
    }, 
"0": {
    "1":  0.461075,
    "2":  0.502011,
    "3":  0.454445,
    "4":  0.497530,
    "5":  0.446080,
    "6":  0.491553,
    "7":  0.435019,
    "8":  0.483071,
    "9":  0.419575,
    "10": 0.470215,
    "11": 0.396675,
    "12": 0.449436,
    "13": 0.360575,
    "14": 0.413851,
    "15": 0.300275,
    "16": 0.349873,
    "17": 0.194298,
    "18": 0.230300,
    "19": 0.000000
    }, 
"1": {
    "1":  0.581188, 
    "2":  0.625511,
    "3":  0.584487, 
    "4":  0.632222, 
    "5":  0.589219, 
    "6":  0.641357, 
    "7":  0.596282, 
    "8":  0.654350, 
    "9":  0.607301, 
    "10": 0.673758, 
    "11": 0.625289, 
    "12": 0.704281, 
    "13": 0.655970, 
    "14": 0.754764,
    "15": 0.710444, 
    "16": 0.842227, 
    "17": 0.810570, 
    "18": 1.000000,
    "19": 1.000000
    }, 
"2": {
    "1":  0.692353,
    "2":  0.734727,
    "3":  0.702566,
    "4":  0.747744,
    "5":  0.715281,
    "6":  0.763803,
    "7":  0.731395,
    "8":  0.783922,
    "9":  0.752172,
    "10": 0.809472,
    "11": 0.779356,
    "12": 0.842204,
    "13": 0.815257,
    "14": 0.884124,
    "15": 0.862655,
    "16": 0.936891,
    "17": 0.924147,
    "18": 1.000000,
    "19": 1.000000
    }, 
"3": {
    "1":  0.785365,
    "2":  0.821883,
    "3":  0.798493,
    "4":  0.836488,
    "5":  0.813795,
    "6":  0.853295,
    "7":  0.831703,
    "8":  0.872629,
    "9":  0.852679,
    "10": 0.894743,
    "11": 0.877132,
    "12": 0.919662,
    "13": 0.905242,
    "14": 0.946888,
    "15": 0.936604,
    "16": 0.974855,
    "17": 0.969557,
    "18": 1.000000,
    "19": 1.000000
    }, 
"4": {
    "1":  0.857242,
    "2":  0.886159,
    "3":  0.870198,
    "4":  0.899369,
    "5":  0.884498,
    "6":  0.913681,
    "7":  0.900187,
    "8":  0.929001,
    "9":  0.917212,
    "10": 0.945078,
    "11": 0.935339,
    "12": 0.961399,
    "13": 0.954033,
    "14": 0.977064,
    "15": 0.972293,
    "16": 0.990633,
    "17": 0.988454,
    "18": 1.000000,
    "19": 1.000000
    }, 
"5": {
    "1":  0.909229,
    "2":  0.930557,
    "3":  0.920293,
    "4":  0.941083,
    "5":  0.931922,
    "6":  0.951880,
    "7":  0.943977,
    "8":  0.962721,
    "9":  0.956217,
    "10": 0.973259,
    "11": 0.968258,
    "12": 0.982998,
    "13": 0.979532,
    "14": 0.991266,
    "15": 0.989254,
    "16": 0.997234,
    "17": 0.996436,
    "18": 1.000000,
    "19": 1.000000
    }, 
"6": {
    "1":  0.944651,
    "2":  0.959429,
    "3":  0.953200,
    "4":  0.967081,
    "5":  0.961787,
    "6":  0.974540,
    "7":  0.970243,
    "8":  0.981604,
    "9":  0.978336,
    "10": 0.988013,
    "11": 0.985767,
    "12": 0.993452,
    "13": 0.992158,
    "14": 0.997554,
    "15": 0.997053,
    "16": 0.999900,
    "17": 0.999900,
    "18": 1.000000,
    "19": 1.000000
    }, 
"7": {
    "1":  0.967436,
    "2":  0.977107,
    "3":  0.973506,
    "4":  0.982231,
    "5":  0.979320,
    "6":  0.986960,
    "7":  0.984733,
    "8":  0.991153,
    "9":  0.989579,
    "10": 0.994660,
    "11": 0.993674,
    "12": 0.997338,
    "13": 0.996836,
    "14": 0.999086,
    "15": 0.998922,
    "16": 0.999900,
    "17": 0.999900,
    "18": 1.000000,
    "19": 1.000000
    }, 
"8": {
    "1":  0.981382,
    "2":  0.987405,
    "3":  0.985413,
    "4":  0.990624,
    "5":  0.989094,
    "6":  0.993438,
    "7":  0.992337,
    "8":  0.995780,
    "9":  0.995056,
    "10": 0.997593,
    "11": 0.997180,
    "12": 0.998854,
    "13": 0.998668,
    "14": 0.999589,
    "15": 0.999538,
    "16": 0.999900,
    "17": 0.999900,
    "18": 1.000000,
    "19": 1.000000
    }, 
"9": {
    "1":  0.989542,
    "2":  0.993137,
    "3":  0.992082,
    "4":  0.995064,
    "5":  0.994295,
    "6":  0.996664,
    "7":  0.996144,
    "8":  0.997920,
    "9":  0.997603,
    "10": 0.998830,
    "11": 0.998667,
    "12": 0.999420,
    "13": 0.999356,
    "14": 0.999747,
    "15": 0.999733,
    "16": 0.999900,
    "17": 0.999900,
    "18": 1.000000,
    "19": 1.000000
    }
}